Ana Silva;06233378327;19780310;10482,77
Pedro;39580863875;20130513;FILHO
Rafael;57106965925;20170704;SOBRINHO

Bruno Santos;23218756486;19770110;10126,24
Lucas;65407584635;20171204;SOBRINHO
Gabriel;10273624780;20170319;SOBRINHO

Carlos Oliveira;22583159019;19830827;12076,78
Gabriel;13762745664;20141120;FILHO
Joao;91265410066;19970904;OUTROS

Daniela Costa;26559038269;19890609;7147,54

Eduardo Souza;73663926990;19790525;2565,04
Ana;41154965165;20170803;OUTROS
Diego;88731834741;19960904;FILHO

Fernanda Lima;39496624467;19870903;3046,06
Julia;81851848296;20051122;FILHO
Rafael;92888154308;20110508;SOBRINHO

Gabriel Pereira;50215928480;19761101;9154,60
Leticia;52594172477;20030214;OUTROS

Helena Alves;60878194474;19620421;4904,52
Sofia;40323309736;20170803;OUTROS

Igor Ferreira;42498143757;19760519;6836,94
Lucas;49077761899;20150706;SOBRINHO
Isabela;84750557260;19960425;FILHO

Juliana Rocha;94321605298;19900607;2000,42
Diego;65178422854;20170102;FILHO
Diego;29087161983;19930412;FILHO

Kevin Martins;76118007838;19870807;12283,08
Julia;42139889012;20180602;OUTROS

Larissa Gomes;29302286192;19851118;4255,96

Marcos Ribeiro;54803046973;19630119;8641,78

Natalia Carvalho;14069543489;19831121;6956,55
Maria;26805025283;20131114;OUTROS
Bruno;06188285351;20080201;FILHO

Otavio Mendes;20275468720;19911020;13048,77
Sofia;14219366520;20120622;OUTROS

Patricia Freitas;82753529398;19890509;4640,16
Rafael;50322540786;20080711;SOBRINHO
Thiago;69815426210;19920916;FILHO

Rafael Barbosa;86682933738;19950927;12548,43
Larissa;88587168637;20131112;FILHO

Sabrina Cardoso;94321605298;19851102;9662,71

Thiago Araujo;19610622879;19880421;4106,78
Larissa;88246318243;20041127;FILHO

Ursula Dias;39496624467;19901020;1552,77
Isabela;44263358751;20040222;FILHO
Diego;91497979589;20000610;SOBRINHO

Victor Nunes;20115578867;19750902;12998,03

Wanderson Cruz;24238635016;19811121;8847,71

Ximena Teixeira;94103681810;19920209;14523,56

Yago Monteiro;53623860676;19790924;8866,53

Zara Pinto;08464989652;19810708;5910,19
Mateus;93381509247;20001006;SOBRINHO
Ana;21566516369;19950301;FILHO

Alexandre Moreira;47260237486;19741208;4601,62

Beatriz Lopes;58564342178;19700512;7041,15
Maria;27893781365;20021012;FILHO

Caio Nascimento;30912859950;19671215;3814,90
Mateus;99757252692;20121114;FILHO
Pedro;99758990999;19930703;OUTROS

Debora Vieira;31228216022;19720728;4760,98
Isabela;34447286393;20090215;OUTROS

Elias Correia;92216720660;19701124;12591,16
Maria;62908301984;20110720;SOBRINHO
Camila;72407164677;20090806;OUTROS

Flavia Andrade;58301784083;19630401;6937,34
Beatriz;10595971644;19960604;SOBRINHO

Gustavo Melo;60276857493;19771120;12662,65
Camila;15391715466;19980920;FILHO

Heloisa Fernandes;67033262961;19611219;7033,90
Ana;97085067231;19961217;SOBRINHO

Ivan Borges;61971562455;19710921;2389,42
Diego;40674680690;20180407;SOBRINHO
Gabriel;56731952644;20161127;OUTROS

Jessica Cavalcante;51729037421;19730214;14005,76
Mateus;78625183895;20150504;OUTROS
Mateus;14250437437;20140726;FILHO

Leandro Reis;03656331255;19890818;5358,02
Leticia;42898572986;20080122;OUTROS
Isabela;38169892349;20150603;FILHO

Marina Azevedo;51509296046;19620928;3318,89

Nicolas Campos;10316421196;19810716;8278,63
Leticia;09989456579;20180313;OUTROS
Diego;12272524930;20150223;SOBRINHO

Olivia Moura;93654477447;19631108;5766,54
Gabriel;19445920802;20121106;SOBRINHO

Paulo Silveira;03486730863;19680517;2823,06
Felipe;90132233086;19991218;OUTROS

Quezia Cunha;56981622818;19830825;9203,91
Diego;41927543192;20160927;SOBRINHO

Roberto Pires;06233378327;19730411;8677,82
Thiago;11584388419;20081001;OUTROS
Julia;05227217251;20180821;OUTROS

Simone Faria;17890642734;19761016;9685,73
Larissa;16255678786;20131018;OUTROS
Thiago;66277764613;20171009;FILHO

Tiago Braga;25308124875;19720713;3942,18
Bruno;82498176805;20140219;SOBRINHO

Ubirajara Sousa;65652667562;19711121;6712,47
Joao;21804766116;19950815;SOBRINHO
Pedro;07724885856;19930114;FILHO

Valeria Macedo;77758483999;19730626;10297,76

Wellington Ramos;59963743034;19671110;8466,12

Xenia Duarte;69314792210;19941205;11339,39
Diego;55549912151;20170119;OUTROS

Yasmin Coelho;07597948029;19640828;10663,70

Zacharias Bastos;74554471357;19701218;5156,15

Adriana Vasconcelos;08956539522;19840710;7648,09
Bruno;84661573501;20140803;OUTROS
Thiago;52558856769;20141101;OUTROS

Bernardo Queiroz;58537763699;19680202;4584,26
Amanda;39003525065;20120101;OUTROS
Camila;49337453484;20160504;OUTROS

Cristina Lacerda;69307590958;19640916;13905,01

Diego Batista;17603987970;19791120;4133,03
Beatriz;54529940366;20011021;FILHO

Eliana Marques;24875643635;19910813;7633,83
Amanda;22734135280;20090419;SOBRINHO
Larissa;51408275388;19910619;SOBRINHO

Felipe Leite;10482525932;19891227;4918,36

Giovanna Pacheco;29409422872;19680705;14288,39

Henrique Nogueira;82087522345;19610602;11041,63
Lucas;33526990434;20001207;FILHO

Iris Tavares;16593884052;19800517;4852,50

Jorge Fonseca;10516536807;19841002;7264,82
Thiago;56112457154;20170316;OUTROS

Karla Brito;76188578632;19870414;10216,91

Leonardo Coutinho;03956196209;19710910;4813,35
Camila;66918399156;20020104;OUTROS

Miriam Paiva;69159941389;19920608;12312,08
Gabriel;82991085244;20021006;OUTROS

Nelson Matos;76205375473;19800517;2764,99

Orlanda Aguiar;87562887514;19770806;9149,07

Pedro Siqueira;07346340460;19760408;5722,09
Sofia;95500577365;20130628;FILHO

Renata Guimaraes;98155940035;19681016;4109,60
Bruno;29249112112;20151218;SOBRINHO

Sergio Domingues;92216720660;19700819;2070,94
Thiago;09164536210;20140324;SOBRINHO
Thiago;32120577337;20080727;OUTROS

Tamara Evangelista;77479757957;19651227;4970,48
Joao;33138825785;20100607;OUTROS
Julia;40970265804;20010407;OUTROS

Ulisses Bezerra;70645684318;19610302;5554,25

Vanessa Medeiros;44196763216;19640307;2811,28
Julia;13088469985;19931010;SOBRINHO
Thiago;94901406084;20160811;FILHO

Willian Sampaio;54309378376;19610412;9610,08
Amanda;76638592999;20160417;SOBRINHO
Julia;44103134811;20181214;SOBRINHO

Zenaide Figueiredo;86086094125;19731003;6621,10
Beatriz;69065659796;20151108;OUTROS

Augusto Xavier;55316360394;19860425;6349,12

Barbara Prado;12512678832;19700907;4491,65

Claudio Rezende;77038499524;19860928;4607,86
Gabriel;63605490739;20170808;FILHO

Denise Amaral;70393350679;19941117;10653,78
Camila;29054732431;20111017;OUTROS

Ernesto Salles;71409504801;19620116;9784,37
Rafael;60899160821;19940813;SOBRINHO
Ana;74378325629;20130804;OUTROS

Fatima Rodrigues;37290298453;19630517;2693,31
Beatriz;88317146848;20040815;FILHO

Gilberto Alencar;81419438258;19780517;11574,46

Humberto Vilarreal;71719531553;19731105;5488,01
Maria;77649695196;20160802;FILHO
Camila;29021951346;19931112;SOBRINHO

Ingrid Maciel;97624594554;19620205;14804,78

Joao Caldas;89042343848;19850219;2640,92
Ana;89463394126;20050116;OUTROS

Katia Sena;05973668316;19870607;7277,41
Mateus;61948531467;20001227;OUTROS
Julia;31246551915;19940710;OUTROS

Luiz Gouveia;49509696700;19660925;13837,38

Monica Pessoa;44665793710;19780703;5458,42
Amanda;18856753632;20101117;OUTROS
Felipe;66098632388;20090821;OUTROS

Nicanor Bessa;46619025469;19620324;11640,78

Plinio Assis;88589432830;19840807;5108,96

Queila Lobato;23178696610;19880316;6994,12

Ronaldo Chaves;38239983629;19900621;2698,81
Diego;99589851907;20030717;OUTROS

Sonia Falcao;32612175575;19920903;12409,51
Julia;35220280157;20101011;FILHO

Tobias Muniz;04174872729;19870216;2725,87
Larissa;34937758926;19960116;SOBRINHO

Amanda Fonseca;25560854876;19860516;6052,13
Camila;56285354767;20100514;FILHO

Cesar Drummond;89135235457;19780311;7002,75
Diego;23903249286;20080507;FILHO
Rafael;49531931963;20010605;SOBRINHO

Dora Mendonca;47260237486;19651219;2808,26
Pedro;89004919285;20120403;FILHO
Diego;39299053834;20011107;OUTROS

Eugenio Salazar;06931950584;19901224;12974,44
Larissa;10090152082;20161205;SOBRINHO
Amanda;65841486472;20041004;FILHO

Filipa Barros;70843205566;19680907;6222,29
Joao;47888173269;20130723;FILHO

Graca Novaes;96412107985;19800407;11229,66
Mateus;26981936929;19910102;OUTROS

Heitor Cavalcante;39397203085;19670119;2185,49
Julia;43410309728;20011126;FILHO

Ines Brandao;61721482475;19770720;13819,83
Lucas;68559747820;20180610;FILHO
Joao;05108226234;20121206;FILHO
